location,title,time,pay,last registerd
서울 강남구,크리스피크림도넛 강남역점,12:30~17:30,"시급8,720",22분전
서울 서초구,[이마트 양재 단기매대] 크리스피크림도넛 근무자 모집,15:00~22:00,"시급8,720",26분전
서울 서초구,[이마트 양재 단기매대] 크리스피크림도넛 근무자 모집,15:00~22:00,"시급8,720",36분전
서울 송파구,"[평일마감]크리스피도넛 잠실점  목,금 마감근무자 모집",16:00~23:00,"시급8,720",49분전
경기 남양주,이마트 진접점 행사매대 크리스피크림도넛 모집 단기알바,09:30~21:00,"시급8,720",1시간전
경기 용인시,이마트구성(트레이더스) 크리스피크림도넛 모집~,09:30~21:00,"시급8,720",1시간전
서울 강남구,[크리스피크림도넛] 수서역사점 카트 평일 마감PT 구합니다,15:00~20:00,"시급8,720",1시간전
서울 강남구,[크리스피크림도넛] 수서역사점 주말 오픈 PT 구합니다,06:00~12:00,"시급8,720",1시간전
경기 수원시,크리스피크림 롯데아울렛광교점 평일 오픈 모집,10:00~15:00,"시급8,720",2시간전
광주 광산구,[광주첨단점] 크리스피크림  평일 오전 생산 알바 모집합니다.,07:00~15:00,"시급8,820",2시간전
서울 노원구,[크리스피크림도넛] 롯데노원점 주말 오픈 PT 모집 / 전화XXXX,09:30~15:30,"시급8,720",3시간전
서울 노원구,[크리스피크림도넛] 롯데노원점 주말 오픈 PT 모집 / 전화XXXX,09:30~15:30,"시급8,720",3시간전
서울 노원구,[크리스피크림도넛] 롯데노원점 주말 오픈 PT 모집 / 전화XXXX,09:30~15:30,"시급8,720",3시간전
경기 파주시,[급구]크리스피크림 롯데파주아울렛점 평일 마감 파트타이머 모집합니다,16:00~21:00,"시급8,720",3시간전
대구 수성구,금토일 야간 근무자(23:00~07:00)전화하지마세요,23:00~07:00,"시급8,720",3시간전
서울 관악구,[크리스피크림 서울대입구역점] 토일 마감 구합니다~~,16:00~21:00,"시급8,720",3시간전
경기 파주시,크리스피크림 롯데파주아울렛점 주말미들 파트타이머 모집합니다,13:00~19:00,"시급8,720",3시간전
경기 수원시,[크리스피크림] 이마트수원점 토요일 매대 근무자 급구합니다:),12:30~20:00,"시급8,720",4시간전
충남 보령시,[크리스피크림] 이마트 보령점 판매알바구인,12:00~21:00,"시급8,720",4시간전
대구 수성구,[급구급구]토일 오전 생산 근무자,07:00~15:00,"시급8,820",4시간전
경기 부천시,[전화X]맛있는 크리스피크림도넛 제빵공장에서 아르바이트 구합니다.,24:00~24:00,"시급8,720",5시간전
경기 부천시,[전화X]맛있는 크리스피크림도넛 제빵공장에서 아르바이트 구합니다.,24:00~24:00,"시급8,720",5시간전
경기 수원시,"크리스피크림도넛 롯데몰수원점 주말 미들, 마감 구합니다",13:00~18:00,"시급8,720",5시간전
경기 고양시,급구[크리스피크림] 트레이더스 스타필드 고양점 주말마감 단기근무자 모집＊_＊,09:30~22:00,"시급8,720",5시간전
부산 동구,크리스피크림 부산역사점 평일 마감 알바 모집,18:00~23:00,"시급8,720",6시간전
충남 천안시,[3/11~4/14] 크리스피크림 이마트 펜타포트점 단기 오픈 / 마감 모집,09:30~21:00,"시급8,720",6시간전
경기 광주시,이마트 경기도광주점 3월 단기매대 마감 알바 모집,14:00~21:00,"시급8,720",7시간전
경기 이천시,[롯데이천아울렛점] 크리스피크림도넛 평일 마감 근무자 모집 (월~금),15:30~20:30,"시급8,720",7시간전
경기 이천시,"[롯데이천아울렛점] 크리스피크림도넛 주말 마감 근무자 모집 (토,일)",12:00~20:00,"시급8,720",7시간전
경기 이천시,"[롯데이천아울렛점] 크리스피크림도넛 주말 마감 근무자 모집 (토,일)",12:00~20:00,"시급8,720",7시간전
경기 안양시,"[크리스피크림도넛 롯데평촌점] 평일 마감 알바 채용(월,화,수)",15:30~20:30,"시급8,720",7시간전
충남 보령시,[크리스피크림] 이마트 보령점 판매알바구인,12:00~21:00,"시급8,720",8시간전
광주 광산구,[광주첨단점] 크리스피크림  주말 오후 알바 모집합니다.,15:00~22:00,"시급8,720",12시간전
광주 서구,[이마트광주점] 매대 단기 알바 모집합니다.,09:30~22:00,"시급8,720",12시간전
대구 수성구,[급구급구] 평일 오후 생산근무자 모집,14:00~20:00,"시급8,820",20시간전
서울 관악구,[크리스피크림 서울대입구역점] 수목금 미들  구합니다~~,11:00~15:30,"시급8,720",21시간전
서울 관악구,[크리스피크림 서울대입구역점] 수목금 미들  구합니다~~,11:00~15:30,"시급8,720",21시간전
서울 관악구,[크리스피크림 서울대입구역점] 수목금 미들  구합니다~~,11:00~15:30,"시급8,720",21시간전
대구 수성구,[급구급구]평일 야간생산(일-수),20:00~04:00,"시급8,820",21시간전
경기 광명시,이마트 광명소하점(매대) 근무자 모집합니다,15:30~22:00,"시급8,720",22시간전
